char	glyph
亂	MN
俞
俬
偷
備	MN
僧	MN
剁
叫	MN
哏
哞
唬
唷
啗	MN
啶
啷	MN
喻
嗡
嘧
嘰
噌	MN
噙
嚓
嚮	MN
垵
塱	MN
增	MN
奚	MN
妏
妘
妞
婊
媗
嫘
嬤
屄
層	MN
岈
崢	MN
巔
市
廄
廍
彞
微
憎	MN
懸	MN
掐	MN
掙	MN
揄	MN
搧
撐
擀
攥
既
暨
曾	MN
望	alt1
枒
檠	inherited
櫥
歡	inherited
氯
沏
淨	MN
渝	MN
溉
溚
溪	MN
滕	MN
濂	MN
烷
焓
焢
焰	MN
焿
煸
熗
熵
燄	MN
燧	MN
爭	MN
犽
猙	MN
琊
瑜	MN
瑯	MN
璣
瘀
瘉	MN
瘓
癮	MN
癲	MN
睜	MN
矓
硍
硿
碰	MN
碳
禚
禛	MN1
穩	MN
筊
糌
糾	MN
綁
綏	MN
綵	MN
綹
縝	MN
縣	MN
縴
繒	MN
羥
羧
羰
翱
聽	inherited
菈
菸
萣
蔻
蚜
蝓	MN
蝕	MN
螂	MN
蟑
袓
褔
褕	MN
褚	MN
褡
襬
覦	MN
詨
誚	MN
諂	MN
諍	MN
諼	MN
謊	MN
谿	MN
豁
豢	MN
豬	MN
贈	MN
跺
踫	MN
踭	MN
踮
踰	MN
蹊	MN
蹭	MN
躲
轄
辭	MN
迓
送	MN
逍	MN
逞
逾	MN
遂	MN
遢	MN1
遵	MN
邦
鄉
醛
醣
鈽
鉬
銣
銦
銬
鋦
鋯	MN
錒
錚	MN
錸
鍺	MN
鎢
鎮
鎳
鐧
鐮	MN
閻	MN
陷	MN
隧	MN
隱	MN
雞	MN
靛	MN
響	MN
飢	MN
飩	MN1
飪	MN
飭	MN
飯	MN
飴	MN
飼	MN
飽	MN
飾	MN
餃	MN
餅	MN
餉	MN
餌	MN
餒	MN
餓	MN
餘	MN
餚	MN
餛	MN
餞	MN
餡	MN
館	MN
餬	MN
餵	MN
餽	MN
餾	MN
餿	MN
饃	MN
饅	MN
饈	MN
饉	MN
饋	MN
饌	MN
饑	MN
饒	MN
饗	MN
饞	MN
髂
齜